[{"zone_id":"3751","country_id":"230","code":"AG","status":"1","language_id":"2","name":"An Giang"},{"zone_id":"3756","country_id":"230","code":"BR","status":"1","language_id":"2","name":"Ba Ria-Vung Tau"},{"zone_id":"3752","country_id":"230","code":"BG","status":"1","language_id":"2","name":"Bac Giang"},{"zone_id":"3753","country_id":"230","code":"BK","status":"1","language_id":"2","name":"Bac Kan"},{"zone_id":"3754","country_id":"230","code":"BL","status":"1","language_id":"2","name":"Bac Lieu"},{"zone_id":"3755","country_id":"230","code":"BC","status":"1","language_id":"2","name":"Bac Ninh"},{"zone_id":"3757","country_id":"230","code":"BN","status":"1","language_id":"2","name":"Ben Tre"},{"zone_id":"3758","country_id":"230","code":"BH","status":"1","language_id":"2","name":"Binh Dinh"},{"zone_id":"3759","country_id":"230","code":"BU","status":"1","language_id":"2","name":"Binh Duong"},{"zone_id":"3760","country_id":"230","code":"BP","status":"1","language_id":"2","name":"Binh Phuoc"},{"zone_id":"3761","country_id":"230","code":"BT","status":"1","language_id":"2","name":"Binh Thuan"},{"zone_id":"3762","country_id":"230","code":"CM","status":"1","language_id":"2","name":"Ca Mau"},{"zone_id":"3763","country_id":"230","code":"CT","status":"1","language_id":"2","name":"Can Tho"},{"zone_id":"3764","country_id":"230","code":"CB","status":"1","language_id":"2","name":"Cao Bang"},{"zone_id":"3767","country_id":"230","code":"DN","status":"1","language_id":"2","name":"Da Nang"},{"zone_id":"3765","country_id":"230","code":"DL","status":"1","language_id":"2","name":"Dak Lak"},{"zone_id":"3766","country_id":"230","code":"DG","status":"1","language_id":"2","name":"Dak Nong"},{"zone_id":"3768","country_id":"230","code":"DB","status":"1","language_id":"2","name":"Dien Bien"},{"zone_id":"3769","country_id":"230","code":"DI","status":"1","language_id":"2","name":"Dong Nai"},{"zone_id":"3770","country_id":"230","code":"DT","status":"1","language_id":"2","name":"Dong Thap"},{"zone_id":"3771","country_id":"230","code":"GL","status":"1","language_id":"2","name":"Gia Lai"},{"zone_id":"3772","country_id":"230","code":"HG","status":"1","language_id":"2","name":"Ha Giang"},{"zone_id":"3775","country_id":"230","code":"HM","status":"1","language_id":"2","name":"Ha Nam"},{"zone_id":"3776","country_id":"230","code":"HI","status":"1","language_id":"2","name":"Ha Noi"},{"zone_id":"3777","country_id":"230","code":"HT","status":"1","language_id":"2","name":"Ha Tay"},{"zone_id":"3778","country_id":"230","code":"HH","status":"1","language_id":"2","name":"Ha Tinh"},{"zone_id":"3773","country_id":"230","code":"HD","status":"1","language_id":"2","name":"Hai Duong"},{"zone_id":"3774","country_id":"230","code":"HP","status":"1","language_id":"2","name":"Hai Phong"},{"zone_id":"3781","country_id":"230","code":"HU","status":"1","language_id":"2","name":"Hau Giang"},{"zone_id":"3780","country_id":"230","code":"HC","status":"1","language_id":"2","name":"Ho Chi Minh City"},{"zone_id":"3779","country_id":"230","code":"HB","status":"1","language_id":"2","name":"Hoa Binh"},{"zone_id":"3782","country_id":"230","code":"HY","status":"1","language_id":"2","name":"Hung Yen"}]